{
    "2Av26cPCCbUtZPPS2QNwHfP3gyH3": {
        "name": "Noa",
        "type": "parent",
        "createdAt": { "seconds": 1678698421, "nanoseconds": 646000000 },
        "sandwiches": {
            "LxlL1cOVbVPDtSz84MqO": {
                "votesCount": 2,
                "author": "Noa",
                "updatedAt": 1678698396359,
                "name": "Nita's sandwich",
                "toppings": "2aAVNzgBGauvO1SVh7Dq",
                "createdAt": { "seconds": 1678698499, "nanoseconds": 171000000 },
                "protein": "TLVznvHm4MTGs86zQ46h",
                "condiments": "u04aKNBFOUX54sQ9uJM4",
                "bread": "a4tmdsH4WkWuMhlVW3GR",
                "id": "LxlL1cOVbVPDtSz84MqO"
            }
        }
    },
    "2Jo63FGQsFbLmboOWRzlxkUDXTn1": {
        "type": "parent",
        "createdAt": { "seconds": 1678698742, "nanoseconds": 653000000 },
        "name": "Ori Baram",
        "sandwiches": {
            "QEesCIfqos1dsoi0VrAe": {
                "name": "Ori's Sandwich",
                "protein": "zbAm2U3bvlTe9iEt9yEA",
                "cheese": "GX7huhLb408qhwehhsNj",
                "toppings": "Gl05D0N1mR4V1HfBEdBs",
                "bread": "DJpgdicOQb8Yxzj0XchO",
                "id": "QEesCIfqos1dsoi0VrAe",
                "votesCount": 5,
                "author": "Ori",
                "condiments": "fTVsYNmECdrMX1s2HvXq",
                "createdAt": { "seconds": 1678698789, "nanoseconds": 473000000 }
            }
        }
    },
    "8aXzQ46Advaptpeq7sSdAJ1I62f2": {
        "parents": ["948nG8lvrlQQT19CUlN5QLvFqJT2"],
        "favoriteSandwiches": ["QEesCIfqos1dsoi0VrAe"],
        "type": "child",
        "name": "Moshe Bukhman",
        "sandwiches": {
            "03Q3rlbm9a1bEcgyZ0cd": {
                "name": "A leaf for love",
                "id": "03Q3rlbm9a1bEcgyZ0cd",
                "author": "Moshe",
                "votesCount": 5,
                "bread": "nMKUyL6aveUYTTvA1I69",
                "createdAt": { "seconds": 1678669905, "nanoseconds": 787000000 }
            },
            "GsLkwBVaRhGDohln6eao": {
                "id": "GsLkwBVaRhGDohln6eao",
                "condiments": "yR3GWKez1j8zWyTugVRj",
                "votesCount": 2,
                "createdAt": { "seconds": 1678670003, "nanoseconds": 420000000 },
                "name": "Some Hummus Party",
                "author": "Moshe",
                "bread": "0ie3EblcvbbHyxXF8gyi"
            },
            "n80yuIgSpfdHdPQs77Rr": {
                "createdAt": { "seconds": 1678881973, "nanoseconds": 474000000 },
                "name": "Voldemort's secret",
                "protein": "zbAm2U3bvlTe9iEt9yEA",
                "author": "Moshe",
                "id": "n80yuIgSpfdHdPQs77Rr",
                "toppings": "aNrtNF3Hg146iFCQZu6w",
                "bread": "0ie3EblcvbbHyxXF8gyi",
                "cheese": "GX7huhLb408qhwehhsNj"
            }
        }
    },
    "948nG8lvrlQQT19CUlN5QLvFqJT2": {
        "favoriteSandwiches": [
            "QEesCIfqos1dsoi0VrAe",
            "SWUk2Z5SvIYeneu33oSd",
            "dA3JSOwtihZo48HxaqrQ",
            "U14wkg4deJGnfBINDiQJ",
            "YXQSJZWv55yJ8w8DtNbC"
        ],
        "children": [
            "v5Vr4TVb7EezZwpSHwgrEqeLyo73",
            "b419OJ3mzShG1cXNByTHH5af5Rh2",
            "g0PoewDfyvQItFX39CRVqvFdEI22",
            "8aXzQ46Advaptpeq7sSdAJ1I62f2"
        ],
        "type": "parent",
        "name": "Parent One & Two",
        "sandwiches": {
            "9hstYA6Ei7jDt14R41wf": {
                "cheese": "aJeWSh55uJsM7nyynjjK",
                "author": "Parent",
                "votesCount": 1,
                "bread": "a4tmdsH4WkWuMhlVW3GR",
                "createdAt": { "seconds": 1678666800, "nanoseconds": 655000000 },
                "name": "NO#2",
                "toppings": "Gl05D0N1mR4V1HfBEdBs",
                "id": "9hstYA6Ei7jDt14R41wf",
                "condiments": "pelXhnUCbnonL00xqm9H"
            },
            "fVUAHn7q4BU0VSrhNM8h": {
                "author": "Parent",
                "cheese": "aRXviR8eyk0frnMBu5Wu",
                "id": "fVUAHn7q4BU0VSrhNM8h",
                "createdAt": { "seconds": 1678666786, "nanoseconds": 370000000 },
                "votesCount": 3,
                "toppings": "2aAVNzgBGauvO1SVh7Dq",
                "bread": "a4tmdsH4WkWuMhlVW3GR",
                "name": "Parent's Sandwich"
            }
        }
    },
    "9vRNbBFYUrdQ0yPBJK7Mqb3gWtD3": {
        "parents": ["DfNZXGMzLJbRHTdyFr2WVK3JBOf2"],
        "name": "איסק",
        "type": "child",
        "createdAt": { "seconds": 1680034218, "nanoseconds": 438000000 },
        "sandwiches": {
            "htoZB6gseU1MEWmjItY1": {
                "protein": "a6A3HOBjOxtjLuscT8Il",
                "condiments": "LijjKCzubXd3fk127ijA",
                "id": "htoZB6gseU1MEWmjItY1",
                "author": "איסק",
                "createdAt": { "seconds": 1680034598, "nanoseconds": 493000000 },
                "toppings": "1NBot25k6fiS1I76jtX0",
                "name": "‏טעים",
                "bread": "CPRkoOLH8edA9Dw4UT71"
            },
            "xDL6OdFlMlcoXddWYVYU": {
                "toppings": "8OBPTigDQgL1Qr7hnacv",
                "name": "Комбо я и Миша ❤️‍🔥❤️‍🔥❤️‍🔥🇺🇦",
                "author": "איסק",
                "condiments": "KLl3r9HFizf2Rw0yKpDk",
                "cheese": "HOKMqfdHlAmJw3Fj9j2J",
                "id": "xDL6OdFlMlcoXddWYVYU",
                "votesCount": 1,
                "createdAt": { "seconds": 1680034433, "nanoseconds": 228000000 },
                "protein": "1mx374LH76gnA2OypsUb",
                "bread": "huIkUzWBrqO5ZgTuR4JV"
            }
        }
    },
    "D59xzIzTgreGsjSAYOafAZ18eD32": {
        "favoriteSandwiches": ["fVUAHn7q4BU0VSrhNM8h", "03Q3rlbm9a1bEcgyZ0cd"],
        "createdAt": { "seconds": 1678813719, "nanoseconds": 671000000 },
        "name": "Nina",
        "type": "parent",
        "sandwiches": {
            "dA3JSOwtihZo48HxaqrQ": {
                "createdAt": { "seconds": 1678813784, "nanoseconds": 927000000 },
                "votesCount": 2,
                "bread": "huIkUzWBrqO5ZgTuR4JV",
                "protein": "otv1Lanx4ms6zHjFeQVh",
                "condiments": "pelXhnUCbnonL00xqm9H",
                "cheese": "HOKMqfdHlAmJw3Fj9j2J",
                "author": "Nina",
                "name": "Nina's dream",
                "toppings": "2aAVNzgBGauvO1SVh7Dq",
                "id": "dA3JSOwtihZo48HxaqrQ"
            }
        }
    },
    "DfNZXGMzLJbRHTdyFr2WVK3JBOf2": {
        "favoriteSandwiches": ["xDL6OdFlMlcoXddWYVYU"],
        "type": "parent",
        "children": ["YvKwc036R2MkKZVNAMXyJJJxEx22", "9vRNbBFYUrdQ0yPBJK7Mqb3gWtD3"],
        "name": "Parent Three",
        "sandwiches": {}
    },
    "Fc48ec6nkpUIf6bLUzlOjLPGIhA3": {
        "createdAt": { "seconds": 1678868230, "nanoseconds": 255000000 },
        "type": "parent",
        "name": "Nonita",
        "sandwiches": {}
    },
    "MMnxO1NqhfNNC2w1L7EVMe4itPN2": {
        "type": "child",
        "favoriteSandwiches": ["Vf7zGCdDPDaiaMaeOgIv"],
        "name": "Child Three",
        "sandwiches": {
            "2GdOh6jwNHJfeKgsmWKo": {
                "name": "Simple american",
                "id": "2GdOh6jwNHJfeKgsmWKo",
                "createdAt": { "seconds": 1678880916, "nanoseconds": 883000000 },
                "author": "Child",
                "cheese": "aRXviR8eyk0frnMBu5Wu",
                "bread": "a4tmdsH4WkWuMhlVW3GR"
            },
            "3dDzZc9i94VmOXDP6jiK": {
                "id": "3dDzZc9i94VmOXDP6jiK",
                "condiments": "DQT3rVXAN7P9nICSVvRc",
                "author": "Child",
                "createdAt": { "seconds": 1678876198, "nanoseconds": 847000000 },
                "name": "Why not jam",
                "bread": "rukoqOOcbaoiHsTHyLRr"
            },
            "OtT8GLf0g9GsEmJYi3jS": {
                "bread": "rukoqOOcbaoiHsTHyLRr",
                "createdAt": { "seconds": 1678879794, "nanoseconds": 518000000 },
                "id": "OtT8GLf0g9GsEmJYi3jS",
                "protein": "a6A3HOBjOxtjLuscT8Il",
                "name": "Hamdwich",
                "author": "Child"
            },
            "Vf7zGCdDPDaiaMaeOgIv": {
                "id": "Vf7zGCdDPDaiaMaeOgIv",
                "name": "The red",
                "author": "Child",
                "toppings": "Bnw6CrUFvOmQ9pZSeApU",
                "condiments": "ZTHRvEABoAATHHZBvBNd",
                "createdAt": { "seconds": 1678874425, "nanoseconds": 489000000 },
                "protein": "TLVznvHm4MTGs86zQ46h",
                "bread": "DJpgdicOQb8Yxzj0XchO"
            }
        }
    },
    "MqCjgY8RACVsYwtfzx5WlOjs5X23": {
        "createdAt": { "seconds": 1678681331, "nanoseconds": 796000000 },
        "name": "Child 5",
        "type": "child",
        "parents": ["wY0AHX6NADeP9q9FQQzBYVTVvXi2"],
        "sandwiches": {
            "cm3AOXVMPGSCk1JZbeVi": {
                "condiments": "LijjKCzubXd3fk127ijA",
                "createdAt": { "seconds": 1678878293, "nanoseconds": 320000000 },
                "bread": "nMKUyL6aveUYTTvA1I69",
                "author": "Child",
                "name": "The green mass",
                "toppings": "2aAVNzgBGauvO1SVh7Dq",
                "id": "cm3AOXVMPGSCk1JZbeVi"
            }
        }
    },
    "S3DQoGbpt9XuSwpBzpXctUPG8f32": {
        "favoriteSandwiches": ["cdPuWMJu5wOVKHOG9Pep"],
        "createdAt": { "seconds": 1678882627, "nanoseconds": 123000000 },
        "type": "parent",
        "name": "YummyNit",
        "sandwiches": {
            "cdPuWMJu5wOVKHOG9Pep": {
                "protein": "nBKUGIOvjV3epHtKEIIK",
                "votesCount": 3,
                "createdAt": { "seconds": 1678882696, "nanoseconds": 243000000 },
                "name": "Yummy yummy ",
                "toppings": "1NBot25k6fiS1I76jtX0",
                "author": "YummyNit",
                "id": "cdPuWMJu5wOVKHOG9Pep",
                "condiments": "LijjKCzubXd3fk127ijA",
                "bread": "rukoqOOcbaoiHsTHyLRr"
            }
        }
    },
    "VdNMX1KAY1asiTjHlELpuUrryr13": {
        "createdAt": { "seconds": 1678893888, "nanoseconds": 440000000 },
        "favoriteSandwiches": [
            "3bsPGGFKApJAj1kbQA1u",
            "CaWRalUroX6aoxhbDe9x",
            "XYxPK8qjkzx3MpHf3bzj"
        ],
        "name": "aviv dabush",
        "type": "parent",
        "sandwiches": {
            "3bsPGGFKApJAj1kbQA1u": {
                "protein": "rARBT1CbLv49xhWNumEH",
                "votesCount": 1,
                "bread": "0ie3EblcvbbHyxXF8gyi",
                "cheese": "pQQgNV6dD6EiZfe78JDr",
                "author": "aviv",
                "name": "the king sandwich",
                "id": "3bsPGGFKApJAj1kbQA1u",
                "createdAt": { "seconds": 1678894004, "nanoseconds": 257000000 }
            },
            "CaWRalUroX6aoxhbDe9x": {
                "id": "CaWRalUroX6aoxhbDe9x",
                "name": "aviv's Sandwich",
                "cheese": "pQQgNV6dD6EiZfe78JDr",
                "bread": "0ie3EblcvbbHyxXF8gyi",
                "author": "aviv",
                "createdAt": { "seconds": 1678894016, "nanoseconds": 718000000 },
                "votesCount": 1,
                "protein": "rARBT1CbLv49xhWNumEH"
            },
            "XYxPK8qjkzx3MpHf3bzj": {
                "toppings": "RlvIylkN37RF0T3M2npG",
                "name": "nice sandwich",
                "author": "aviv",
                "createdAt": { "seconds": 1678894138, "nanoseconds": 511000000 },
                "votesCount": 2,
                "condiments": "cVYopthn4kONiduouPGr",
                "bread": "NTjW9x3b3K4wHsvq9sTf",
                "protein": "QIjKsxMaQMTYtl4454Nz",
                "id": "XYxPK8qjkzx3MpHf3bzj"
            }
        }
    },
    "WsyhkAZMxlZwskj3QPf2lcLjtzg1": {
        "name": "Ori Baram",
        "createdAt": { "seconds": 1678793263, "nanoseconds": 650000000 },
        "type": "parent",
        "sandwiches": {
            "SWUk2Z5SvIYeneu33oSd": {
                "bread": "a4tmdsH4WkWuMhlVW3GR",
                "toppings": "V9pvChM5hHzLODKnupsE",
                "votesCount": 4,
                "author": "Ori",
                "updatedAt": 1678793178151,
                "condiments": "EWtozimLM4tXvuFszVWj",
                "name": "Ori's Sandwich",
                "id": "SWUk2Z5SvIYeneu33oSd",
                "createdAt": { "seconds": 1678793331, "nanoseconds": 294000000 },
                "cheese": "aRXviR8eyk0frnMBu5Wu"
            }
        }
    },
    "YvKwc036R2MkKZVNAMXyJJJxEx22": {
        "parents": ["DfNZXGMzLJbRHTdyFr2WVK3JBOf2"],
        "favoriteSandwiches": ["fVUAHn7q4BU0VSrhNM8h"],
        "name": " Рафик",
        "type": "child",
        "createdAt": { "seconds": 1680034217, "nanoseconds": 727000000 },
        "sandwiches": {
            "ULiPTc5NirMhcmFJc9VL": {
                "condiments": "pelXhnUCbnonL00xqm9H",
                "bread": "CPRkoOLH8edA9Dw4UT71",
                "toppings": "1NBot25k6fiS1I76jtX0",
                "author": "",
                "name": "Супер сэндвич",
                "cheese": "AfhNqf87gvjy4qJIb6Df",
                "createdAt": { "seconds": 1680034487, "nanoseconds": 261000000 },
                "protein": "otv1Lanx4ms6zHjFeQVh",
                "id": "ULiPTc5NirMhcmFJc9VL"
            }
        }
    },
    "b419OJ3mzShG1cXNByTHH5af5Rh2": {
        "type": "child",
        "parents": ["948nG8lvrlQQT19CUlN5QLvFqJT2"],
        "name": "Child Two",
        "sandwiches": {}
    },
    "fv9fEL4WdXbtd3iMoGd2rRbChat1": {
        "createdAt": { "seconds": 1678681703, "nanoseconds": 397000000 },
        "type": "parent",
        "name": "Lika Bukhman ",
        "sandwiches": {
            "YXQSJZWv55yJ8w8DtNbC": {
                "toppings": "1NBot25k6fiS1I76jtX0",
                "bread": "NTjW9x3b3K4wHsvq9sTf",
                "condiments": "p4tak2H38yD5SM5FhryF",
                "cheese": "AfhNqf87gvjy4qJIb6Df",
                "id": "YXQSJZWv55yJ8w8DtNbC",
                "protein": "zbAm2U3bvlTe9iEt9yEA",
                "updatedAt": 1678681675455,
                "createdAt": { "seconds": 1678681745, "nanoseconds": 410000000 },
                "name": "Lika's Sandwich",
                "votesCount": 4,
                "author": "Lika"
            }
        }
    },
    "g0PoewDfyvQItFX39CRVqvFdEI22": {
        "parents": ["948nG8lvrlQQT19CUlN5QLvFqJT2"],
        "name": "new child 1",
        "type": "child",
        "sandwiches": {}
    },
    "p3qtWCpUEmS2jTmLxZZxKMYDRND3": {
        "name": "Irena Goldberg",
        "createdAt": { "seconds": 1678882965, "nanoseconds": 236000000 },
        "type": "parent",
        "sandwiches": {
            "MrR7rTcQEw2Wlr7sujk6": {
                "createdAt": { "seconds": 1678882971, "nanoseconds": 820000000 },
                "toppings": "RlvIylkN37RF0T3M2npG",
                "condiments": "EWtozimLM4tXvuFszVWj",
                "id": "MrR7rTcQEw2Wlr7sujk6",
                "bread": "rukoqOOcbaoiHsTHyLRr",
                "protein": "nBKUGIOvjV3epHtKEIIK",
                "name": "I took it from Noa",
                "author": "Irena",
                "votesCount": 2
            },
            "Wj2zNuMydQO69LspTBeM": {
                "createdAt": { "seconds": 1679229228, "nanoseconds": 236000000 },
                "cheese": "kwSlfq91buZo0fcxBH4W",
                "bread": "eDVT7DyUY3SBSkpRfJbz",
                "toppings": "1NBot25k6fiS1I76jtX0",
                "condiments": "7Jfwyttn6pzk8iwdkEfG",
                "name": "Irena's Sandwich",
                "id": "Wj2zNuMydQO69LspTBeM",
                "author": "Irena",
                "protein": "TLVznvHm4MTGs86zQ46h"
            }
        }
    },
    "v5Vr4TVb7EezZwpSHwgrEqeLyo73": {
        "name": "Child One",
        "parents": ["948nG8lvrlQQT19CUlN5QLvFqJT2"],
        "type": "child",
        "sandwiches": {
            "Em8VjJVAcON1lc5vxks9": {
                "toppings": "2aAVNzgBGauvO1SVh7Dq",
                "protein": "zbAm2U3bvlTe9iEt9yEA",
                "id": "Em8VjJVAcON1lc5vxks9",
                "votesCount": 1,
                "updatedAt": 1678674175183,
                "bread": "a4tmdsH4WkWuMhlVW3GR",
                "author": "Child",
                "name": "Walla sababa",
                "condiments": "EWtozimLM4tXvuFszVWj",
                "createdAt": { "seconds": 1678674219, "nanoseconds": 780000000 }
            },
            "IAPWWlAER292lTnXHfOv": {
                "votesCount": 1,
                "cheese": "SWLWLH1Z2XAusSzhe0sc",
                "author": "Child",
                "condiments": "DQT3rVXAN7P9nICSVvRc",
                "name": "Cheese and strawberry",
                "createdAt": { "seconds": 1678673971, "nanoseconds": 857000000 },
                "bread": "DJpgdicOQb8Yxzj0XchO",
                "id": "IAPWWlAER292lTnXHfOv",
                "updatedAt": 1678673883655,
                "protein": "XK4ldaWdSVga1fSLGuE5"
            },
            "lGTM75MfuObkbHC9GHSJ": {
                "author": "Child",
                "bread": "CPRkoOLH8edA9Dw4UT71",
                "toppings": "aNrtNF3Hg146iFCQZu6w",
                "updatedAt": 1678674254058,
                "name": "Long attitude",
                "id": "lGTM75MfuObkbHC9GHSJ",
                "protein": "zbAm2U3bvlTe9iEt9yEA",
                "condiments": "yR3GWKez1j8zWyTugVRj",
                "createdAt": { "seconds": 1678674318, "nanoseconds": 437000000 }
            }
        }
    },
    "wY0AHX6NADeP9q9FQQzBYVTVvXi2": {
        "name": "Parent Two",
        "type": "parent",
        "children": ["ziaSWfhMZgWNEQbyCipEExk7jyF3", "MqCjgY8RACVsYwtfzx5WlOjs5X23"],
        "sandwiches": {
            "U14wkg4deJGnfBINDiQJ": {
                "createdAt": { "seconds": 1678679219, "nanoseconds": 237000000 },
                "condiments": "AnyzDezqfbMXDRlawKcG",
                "author": "Parent",
                "id": "U14wkg4deJGnfBINDiQJ",
                "toppings": "2aAVNzgBGauvO1SVh7Dq",
                "bread": "huIkUzWBrqO5ZgTuR4JV",
                "updatedAt": 1678679187984,
                "votesCount": 3,
                "name": "Green love"
            },
            "px6PbSs7qOfQEdDDmTfj": {
                "author": "Parent",
                "name": "Champion's breakfast",
                "cheese": "GX7huhLb408qhwehhsNj",
                "bread": "NTjW9x3b3K4wHsvq9sTf",
                "id": "px6PbSs7qOfQEdDDmTfj",
                "toppings": "bnn7Ls4jg2htesgUCMgK",
                "protein": "zbAm2U3bvlTe9iEt9yEA",
                "createdAt": { "seconds": 1678893690, "nanoseconds": 926000000 },
                "votesCount": 1
            }
        }
    },
    "ziaSWfhMZgWNEQbyCipEExk7jyF3": {
        "createdAt": { "seconds": 1678681310, "nanoseconds": 159000000 },
        "type": "child",
        "name": "Child 4",
        "parents": ["wY0AHX6NADeP9q9FQQzBYVTVvXi2"],
        "sandwiches": {}
    }
}
