{
    "LxlL1cOVbVPDtSz84MqO": {
        "votesCount": 2,
        "author": "Noa",
        "updatedAt": 1678698396359,
        "name": "Nita's sandwich",
        "toppings": "2aAVNzgBGauvO1SVh7Dq",
        "createdAt": 1678698499,
        "protein": "TLVznvHm4MTGs86zQ46h",
        "condiments": "u04aKNBFOUX54sQ9uJM4",
        "bread": "a4tmdsH4WkWuMhlVW3GR",
        "id": "LxlL1cOVbVPDtSz84MqO",
        "userId": "2Av26cPCCbUtZPPS2QNwHfP3gyH3"
    },
    "QEesCIfqos1dsoi0VrAe": {
        "name": "Ori's Sandwich",
        "protein": "zbAm2U3bvlTe9iEt9yEA",
        "cheese": "GX7huhLb408qhwehhsNj",
        "toppings": "Gl05D0N1mR4V1HfBEdBs",
        "bread": "DJpgdicOQb8Yxzj0XchO",
        "id": "QEesCIfqos1dsoi0VrAe",
        "votesCount": 5,
        "author": "Ori",
        "condiments": "fTVsYNmECdrMX1s2HvXq",
        "createdAt": 1678698789,
        "userId": "2Jo63FGQsFbLmboOWRzlxkUDXTn1"
    },
    "03Q3rlbm9a1bEcgyZ0cd": {
        "name": "A leaf for love",
        "id": "03Q3rlbm9a1bEcgyZ0cd",
        "author": "Moshe",
        "votesCount": 5,
        "bread": "nMKUyL6aveUYTTvA1I69",
        "createdAt": 1678669905,
        "userId": "8aXzQ46Advaptpeq7sSdAJ1I62f2"
    },
    "GsLkwBVaRhGDohln6eao": {
        "id": "GsLkwBVaRhGDohln6eao",
        "condiments": "yR3GWKez1j8zWyTugVRj",
        "votesCount": 2,
        "createdAt": 1678670003,
        "name": "Some Hummus Party",
        "author": "Moshe",
        "bread": "0ie3EblcvbbHyxXF8gyi",
        "userId": "8aXzQ46Advaptpeq7sSdAJ1I62f2"
    },
    "n80yuIgSpfdHdPQs77Rr": {
        "createdAt": 1678881973,
        "name": "Voldemort's secret",
        "protein": "zbAm2U3bvlTe9iEt9yEA",
        "author": "Moshe",
        "id": "n80yuIgSpfdHdPQs77Rr",
        "toppings": "aNrtNF3Hg146iFCQZu6w",
        "bread": "0ie3EblcvbbHyxXF8gyi",
        "cheese": "GX7huhLb408qhwehhsNj",
        "userId": "8aXzQ46Advaptpeq7sSdAJ1I62f2"
    },
    "9hstYA6Ei7jDt14R41wf": {
        "cheese": "aJeWSh55uJsM7nyynjjK",
        "author": "Parent",
        "votesCount": 1,
        "bread": "a4tmdsH4WkWuMhlVW3GR",
        "createdAt": 1678666800,
        "name": "NO#2",
        "toppings": "Gl05D0N1mR4V1HfBEdBs",
        "id": "9hstYA6Ei7jDt14R41wf",
        "condiments": "pelXhnUCbnonL00xqm9H",
        "userId": "948nG8lvrlQQT19CUlN5QLvFqJT2"
    },
    "fVUAHn7q4BU0VSrhNM8h": {
        "author": "Parent",
        "cheese": "aRXviR8eyk0frnMBu5Wu",
        "id": "fVUAHn7q4BU0VSrhNM8h",
        "createdAt": 1678666786,
        "votesCount": 3,
        "toppings": "2aAVNzgBGauvO1SVh7Dq",
        "bread": "a4tmdsH4WkWuMhlVW3GR",
        "name": "Parent's Sandwich",
        "userId": "948nG8lvrlQQT19CUlN5QLvFqJT2"
    },
    "htoZB6gseU1MEWmjItY1": {
        "protein": "a6A3HOBjOxtjLuscT8Il",
        "condiments": "LijjKCzubXd3fk127ijA",
        "id": "htoZB6gseU1MEWmjItY1",
        "author": "איסק",
        "createdAt": 1680034598,
        "toppings": "1NBot25k6fiS1I76jtX0",
        "name": "‏טעים",
        "bread": "CPRkoOLH8edA9Dw4UT71",
        "userId": "9vRNbBFYUrdQ0yPBJK7Mqb3gWtD3"
    },
    "xDL6OdFlMlcoXddWYVYU": {
        "toppings": "8OBPTigDQgL1Qr7hnacv",
        "name": "Комбо я и Миша ❤️‍🔥❤️‍🔥❤️‍🔥🇺🇦",
        "author": "איסק",
        "condiments": "KLl3r9HFizf2Rw0yKpDk",
        "cheese": "HOKMqfdHlAmJw3Fj9j2J",
        "id": "xDL6OdFlMlcoXddWYVYU",
        "votesCount": 1,
        "createdAt": 1680034433,
        "protein": "1mx374LH76gnA2OypsUb",
        "bread": "huIkUzWBrqO5ZgTuR4JV",
        "userId": "9vRNbBFYUrdQ0yPBJK7Mqb3gWtD3"
    },
    "dA3JSOwtihZo48HxaqrQ": {
        "createdAt": 1678813784,
        "votesCount": 2,
        "bread": "huIkUzWBrqO5ZgTuR4JV",
        "protein": "otv1Lanx4ms6zHjFeQVh",
        "condiments": "pelXhnUCbnonL00xqm9H",
        "cheese": "HOKMqfdHlAmJw3Fj9j2J",
        "author": "Nina",
        "name": "Nina's dream",
        "toppings": "2aAVNzgBGauvO1SVh7Dq",
        "id": "dA3JSOwtihZo48HxaqrQ",
        "userId": "D59xzIzTgreGsjSAYOafAZ18eD32"
    },
    "2GdOh6jwNHJfeKgsmWKo": {
        "name": "Simple american",
        "id": "2GdOh6jwNHJfeKgsmWKo",
        "createdAt": 1678880916,
        "author": "Child",
        "cheese": "aRXviR8eyk0frnMBu5Wu",
        "bread": "a4tmdsH4WkWuMhlVW3GR",
        "userId": "MMnxO1NqhfNNC2w1L7EVMe4itPN2"
    },
    "3dDzZc9i94VmOXDP6jiK": {
        "id": "3dDzZc9i94VmOXDP6jiK",
        "condiments": "DQT3rVXAN7P9nICSVvRc",
        "author": "Child",
        "createdAt": 1678876198,
        "name": "Why not jam",
        "bread": "rukoqOOcbaoiHsTHyLRr",
        "userId": "MMnxO1NqhfNNC2w1L7EVMe4itPN2"
    },
    "OtT8GLf0g9GsEmJYi3jS": {
        "bread": "rukoqOOcbaoiHsTHyLRr",
        "createdAt": 1678879794,
        "id": "OtT8GLf0g9GsEmJYi3jS",
        "protein": "a6A3HOBjOxtjLuscT8Il",
        "name": "Hamdwich",
        "author": "Child",
        "userId": "MMnxO1NqhfNNC2w1L7EVMe4itPN2"
    },
    "Vf7zGCdDPDaiaMaeOgIv": {
        "id": "Vf7zGCdDPDaiaMaeOgIv",
        "name": "The red",
        "author": "Child",
        "toppings": "Bnw6CrUFvOmQ9pZSeApU",
        "condiments": "ZTHRvEABoAATHHZBvBNd",
        "createdAt": 1678874425,
        "protein": "TLVznvHm4MTGs86zQ46h",
        "bread": "DJpgdicOQb8Yxzj0XchO",
        "userId": "MMnxO1NqhfNNC2w1L7EVMe4itPN2"
    },
    "cm3AOXVMPGSCk1JZbeVi": {
        "condiments": "LijjKCzubXd3fk127ijA",
        "createdAt": 1678878293,
        "bread": "nMKUyL6aveUYTTvA1I69",
        "author": "Child",
        "name": "The green mass",
        "toppings": "2aAVNzgBGauvO1SVh7Dq",
        "id": "cm3AOXVMPGSCk1JZbeVi",
        "userId": "MqCjgY8RACVsYwtfzx5WlOjs5X23"
    },
    "cdPuWMJu5wOVKHOG9Pep": {
        "protein": "nBKUGIOvjV3epHtKEIIK",
        "votesCount": 3,
        "createdAt": 1678882696,
        "name": "Yummy yummy ",
        "toppings": "1NBot25k6fiS1I76jtX0",
        "author": "YummyNit",
        "id": "cdPuWMJu5wOVKHOG9Pep",
        "condiments": "LijjKCzubXd3fk127ijA",
        "bread": "rukoqOOcbaoiHsTHyLRr",
        "userId": "S3DQoGbpt9XuSwpBzpXctUPG8f32"
    },
    "3bsPGGFKApJAj1kbQA1u": {
        "protein": "rARBT1CbLv49xhWNumEH",
        "votesCount": 1,
        "bread": "0ie3EblcvbbHyxXF8gyi",
        "cheese": "pQQgNV6dD6EiZfe78JDr",
        "author": "aviv",
        "name": "the king sandwich",
        "id": "3bsPGGFKApJAj1kbQA1u",
        "createdAt": 1678894004,
        "userId": "VdNMX1KAY1asiTjHlELpuUrryr13"
    },
    "CaWRalUroX6aoxhbDe9x": {
        "id": "CaWRalUroX6aoxhbDe9x",
        "name": "aviv's Sandwich",
        "cheese": "pQQgNV6dD6EiZfe78JDr",
        "bread": "0ie3EblcvbbHyxXF8gyi",
        "author": "aviv",
        "createdAt": 1678894016,
        "votesCount": 1,
        "protein": "rARBT1CbLv49xhWNumEH",
        "userId": "VdNMX1KAY1asiTjHlELpuUrryr13"
    },
    "XYxPK8qjkzx3MpHf3bzj": {
        "toppings": "RlvIylkN37RF0T3M2npG",
        "name": "nice sandwich",
        "author": "aviv",
        "createdAt": 1678894138,
        "votesCount": 2,
        "condiments": "cVYopthn4kONiduouPGr",
        "bread": "NTjW9x3b3K4wHsvq9sTf",
        "protein": "QIjKsxMaQMTYtl4454Nz",
        "id": "XYxPK8qjkzx3MpHf3bzj",
        "userId": "VdNMX1KAY1asiTjHlELpuUrryr13"
    },
    "SWUk2Z5SvIYeneu33oSd": {
        "bread": "a4tmdsH4WkWuMhlVW3GR",
        "toppings": "V9pvChM5hHzLODKnupsE",
        "votesCount": 4,
        "author": "Ori",
        "updatedAt": 1678793178151,
        "condiments": "EWtozimLM4tXvuFszVWj",
        "name": "Ori's Sandwich",
        "id": "SWUk2Z5SvIYeneu33oSd",
        "createdAt": 1678793331,
        "cheese": "aRXviR8eyk0frnMBu5Wu",
        "userId": "WsyhkAZMxlZwskj3QPf2lcLjtzg1"
    },
    "ULiPTc5NirMhcmFJc9VL": {
        "condiments": "pelXhnUCbnonL00xqm9H",
        "bread": "CPRkoOLH8edA9Dw4UT71",
        "toppings": "1NBot25k6fiS1I76jtX0",
        "author": "",
        "name": "Супер сэндвич",
        "cheese": "AfhNqf87gvjy4qJIb6Df",
        "createdAt": 1680034487,
        "protein": "otv1Lanx4ms6zHjFeQVh",
        "id": "ULiPTc5NirMhcmFJc9VL",
        "userId": "YvKwc036R2MkKZVNAMXyJJJxEx22"
    },
    "YXQSJZWv55yJ8w8DtNbC": {
        "toppings": "1NBot25k6fiS1I76jtX0",
        "bread": "NTjW9x3b3K4wHsvq9sTf",
        "condiments": "p4tak2H38yD5SM5FhryF",
        "cheese": "AfhNqf87gvjy4qJIb6Df",
        "id": "YXQSJZWv55yJ8w8DtNbC",
        "protein": "zbAm2U3bvlTe9iEt9yEA",
        "updatedAt": 1678681675455,
        "createdAt": 1678681745,
        "name": "Lika's Sandwich",
        "votesCount": 4,
        "author": "Lika",
        "userId": "fv9fEL4WdXbtd3iMoGd2rRbChat1"
    },
    "MrR7rTcQEw2Wlr7sujk6": {
        "createdAt": 1678882971,
        "toppings": "RlvIylkN37RF0T3M2npG",
        "condiments": "EWtozimLM4tXvuFszVWj",
        "id": "MrR7rTcQEw2Wlr7sujk6",
        "bread": "rukoqOOcbaoiHsTHyLRr",
        "protein": "nBKUGIOvjV3epHtKEIIK",
        "name": "I took it from Noa",
        "author": "Irena",
        "votesCount": 2,
        "userId": "p3qtWCpUEmS2jTmLxZZxKMYDRND3"
    },
    "Wj2zNuMydQO69LspTBeM": {
        "createdAt": 1679229228,
        "cheese": "kwSlfq91buZo0fcxBH4W",
        "bread": "eDVT7DyUY3SBSkpRfJbz",
        "toppings": "1NBot25k6fiS1I76jtX0",
        "condiments": "7Jfwyttn6pzk8iwdkEfG",
        "name": "Irena's Sandwich",
        "id": "Wj2zNuMydQO69LspTBeM",
        "author": "Irena",
        "protein": "TLVznvHm4MTGs86zQ46h",
        "userId": "p3qtWCpUEmS2jTmLxZZxKMYDRND3"
    },
    "Em8VjJVAcON1lc5vxks9": {
        "toppings": "2aAVNzgBGauvO1SVh7Dq",
        "protein": "zbAm2U3bvlTe9iEt9yEA",
        "id": "Em8VjJVAcON1lc5vxks9",
        "votesCount": 1,
        "updatedAt": 1678674175183,
        "bread": "a4tmdsH4WkWuMhlVW3GR",
        "author": "Child",
        "name": "Walla sababa",
        "condiments": "EWtozimLM4tXvuFszVWj",
        "createdAt": 1678674219,
        "userId": "v5Vr4TVb7EezZwpSHwgrEqeLyo73"
    },
    "IAPWWlAER292lTnXHfOv": {
        "votesCount": 1,
        "cheese": "SWLWLH1Z2XAusSzhe0sc",
        "author": "Child",
        "condiments": "DQT3rVXAN7P9nICSVvRc",
        "name": "Cheese and strawberry",
        "createdAt": 1678673971,
        "bread": "DJpgdicOQb8Yxzj0XchO",
        "id": "IAPWWlAER292lTnXHfOv",
        "updatedAt": 1678673883655,
        "protein": "XK4ldaWdSVga1fSLGuE5",
        "userId": "v5Vr4TVb7EezZwpSHwgrEqeLyo73"
    },
    "lGTM75MfuObkbHC9GHSJ": {
        "author": "Child",
        "bread": "CPRkoOLH8edA9Dw4UT71",
        "toppings": "aNrtNF3Hg146iFCQZu6w",
        "updatedAt": 1678674254058,
        "name": "Long attitude",
        "id": "lGTM75MfuObkbHC9GHSJ",
        "protein": "zbAm2U3bvlTe9iEt9yEA",
        "condiments": "yR3GWKez1j8zWyTugVRj",
        "createdAt": 1678674318,
        "userId": "v5Vr4TVb7EezZwpSHwgrEqeLyo73"
    },
    "U14wkg4deJGnfBINDiQJ": {
        "createdAt": 1678679219,
        "condiments": "AnyzDezqfbMXDRlawKcG",
        "author": "Parent",
        "id": "U14wkg4deJGnfBINDiQJ",
        "toppings": "2aAVNzgBGauvO1SVh7Dq",
        "bread": "huIkUzWBrqO5ZgTuR4JV",
        "updatedAt": 1678679187984,
        "votesCount": 3,
        "name": "Green love",
        "userId": "wY0AHX6NADeP9q9FQQzBYVTVvXi2"
    },
    "px6PbSs7qOfQEdDDmTfj": {
        "author": "Parent",
        "name": "Champion's breakfast",
        "cheese": "GX7huhLb408qhwehhsNj",
        "bread": "NTjW9x3b3K4wHsvq9sTf",
        "id": "px6PbSs7qOfQEdDDmTfj",
        "toppings": "bnn7Ls4jg2htesgUCMgK",
        "protein": "zbAm2U3bvlTe9iEt9yEA",
        "createdAt": 1678893690,
        "votesCount": 1,
        "userId": "wY0AHX6NADeP9q9FQQzBYVTVvXi2"
    }
}
