{
    "2Av26cPCCbUtZPPS2QNwHfP3gyH3": {
        "name": "Noa",
        "type": "parent",
        "createdAt": 1678698421
    },
    "2Jo63FGQsFbLmboOWRzlxkUDXTn1": {
        "createdAt": 1678698742,
        "type": "parent",
        "name": "Ori Baram"
    },
    "8aXzQ46Advaptpeq7sSdAJ1I62f2": {
        "favoriteSandwiches": ["QEesCIfqos1dsoi0VrAe"],
        "name": "Moshe Bukhman",
        "type": "child",
        "parents": ["948nG8lvrlQQT19CUlN5QLvFqJT2"]
    },
    "948nG8lvrlQQT19CUlN5QLvFqJT2": {
        "type": "parent",
        "children": [
            "v5Vr4TVb7EezZwpSHwgrEqeLyo73",
            "b419OJ3mzShG1cXNByTHH5af5Rh2",
            "g0PoewDfyvQItFX39CRVqvFdEI22",
            "8aXzQ46Advaptpeq7sSdAJ1I62f2"
        ],
        "name": "Parent One & Two",
        "favoriteSandwiches": [
            "QEesCIfqos1dsoi0VrAe",
            "SWUk2Z5SvIYeneu33oSd",
            "dA3JSOwtihZo48HxaqrQ",
            "U14wkg4deJGnfBINDiQJ",
            "YXQSJZWv55yJ8w8DtNbC"
        ]
    },
    "9vRNbBFYUrdQ0yPBJK7Mqb3gWtD3": {
        "createdAt": 1680034218,
        "parents": ["DfNZXGMzLJbRHTdyFr2WVK3JBOf2"],
        "type": "child",
        "name": "איסק"
    },
    "D59xzIzTgreGsjSAYOafAZ18eD32": {
        "name": "Nina",
        "type": "parent",
        "favoriteSandwiches": ["fVUAHn7q4BU0VSrhNM8h", "03Q3rlbm9a1bEcgyZ0cd"],
        "createdAt": 1678813719
    },
    "DfNZXGMzLJbRHTdyFr2WVK3JBOf2": {
        "favoriteSandwiches": ["xDL6OdFlMlcoXddWYVYU"],
        "children": ["YvKwc036R2MkKZVNAMXyJJJxEx22", "9vRNbBFYUrdQ0yPBJK7Mqb3gWtD3"],
        "type": "parent",
        "name": "Parent Three"
    },
    "Fc48ec6nkpUIf6bLUzlOjLPGIhA3": {
        "name": "Nonita",
        "createdAt": 1678868230,
        "type": "parent"
    },
    "MMnxO1NqhfNNC2w1L7EVMe4itPN2": {
        "name": "Child Three",
        "type": "child",
        "favoriteSandwiches": ["Vf7zGCdDPDaiaMaeOgIv"]
    },
    "MqCjgY8RACVsYwtfzx5WlOjs5X23": {
        "parents": ["wY0AHX6NADeP9q9FQQzBYVTVvXi2"],
        "type": "child",
        "createdAt": 1678681331,
        "name": "Child 5"
    },
    "S3DQoGbpt9XuSwpBzpXctUPG8f32": {
        "type": "parent",
        "name": "YummyNit",
        "favoriteSandwiches": ["cdPuWMJu5wOVKHOG9Pep"],
        "createdAt": 1678882627
    },
    "VdNMX1KAY1asiTjHlELpuUrryr13": {
        "type": "parent",
        "name": "aviv dabush",
        "createdAt": 1678893888,
        "favoriteSandwiches": [
            "3bsPGGFKApJAj1kbQA1u",
            "CaWRalUroX6aoxhbDe9x",
            "XYxPK8qjkzx3MpHf3bzj"
        ]
    },
    "WsyhkAZMxlZwskj3QPf2lcLjtzg1": {
        "createdAt": 1678793263,
        "name": "Ori Baram",
        "type": "parent"
    },
    "YvKwc036R2MkKZVNAMXyJJJxEx22": {
        "type": "child",
        "favoriteSandwiches": ["fVUAHn7q4BU0VSrhNM8h"],
        "parents": ["DfNZXGMzLJbRHTdyFr2WVK3JBOf2"],
        "name": " Рафик",
        "createdAt": 1680034217
    },
    "b419OJ3mzShG1cXNByTHH5af5Rh2": {
        "parents": ["948nG8lvrlQQT19CUlN5QLvFqJT2"],
        "type": "child",
        "name": "Child Two"
    },
    "fv9fEL4WdXbtd3iMoGd2rRbChat1": {
        "createdAt": 1678681703,
        "type": "parent",
        "name": "Lika Bukhman "
    },
    "g0PoewDfyvQItFX39CRVqvFdEI22": {
        "type": "child",
        "name": "new child 1",
        "parents": ["948nG8lvrlQQT19CUlN5QLvFqJT2"]
    },
    "p3qtWCpUEmS2jTmLxZZxKMYDRND3": {
        "type": "parent",
        "createdAt": 1678882965,
        "name": "Irena Goldberg"
    },
    "v5Vr4TVb7EezZwpSHwgrEqeLyo73": {
        "parents": ["948nG8lvrlQQT19CUlN5QLvFqJT2"],
        "name": "Child One",
        "type": "child"
    },
    "wY0AHX6NADeP9q9FQQzBYVTVvXi2": {
        "type": "parent",
        "children": ["ziaSWfhMZgWNEQbyCipEExk7jyF3", "MqCjgY8RACVsYwtfzx5WlOjs5X23"],
        "name": "Parent Two"
    },
    "ziaSWfhMZgWNEQbyCipEExk7jyF3": {
        "type": "child",
        "parents": ["wY0AHX6NADeP9q9FQQzBYVTVvXi2"],
        "createdAt": 1678681310,
        "name": "Child 4"
    }
}
